Business Area,Recipient Country (Country Name),Recipient Region (Text),Activity Website (URL),Contact Info,Organisation(Text),Telephone(Text),Email(Text),Mailing Address(Text),CPD Cycle Start,CPD Cycle End,CPD English,CPD Extension,Annual Report Year,Annual Report
60,Afghanistan,ROSA,http://www.unicef.org/infobycountry/afghanistan.html,The Representative,,93790507000,kabul@unicef.org,"P.O. Box 54
Kabul, Afghanistan",2015,2019,http://www.unicef.org/about/execboard/files/2014-PL9-Afghanistan_CPD-Final_approved-EN.pdf,,2014,http://www.unicef.org/about/annualreport/files/Afghanistan_Annual_Report_2014.pdf
90,Albania,CEE-CIS,http://www.unicef.org/albania/,The Representative,Albania  Country Office,35542273335,tirana@unicef.org,"Rr. Skenderbej, Ndertesa Volkswagen, kati 3
Tirana, Albania",2012,2016,http://www.unicef.org/about/execboard/files/Albania_final_approved_2012-2016_20_Oct_2011.pdf,,2014,http://www.unicef.org/about/annualreport/files/Albania_Annual_Report_2014.pdf
120,Algeria,MENA,http://www.unicef.org/algeria/,The Representative,Algeria  Country Office,21321927298,algiers@unicef.org,"BP 420 Alger RP, Algérie",2012,2015,http://www.unicef.org/about/execboard/files/Algeria_final_approved_2012-2014_English_10Feb2012_.pdf,http://www.unicef.org/about/execboard/files/2014-18-Extensions_decision-SRS2014.pdf,2014,http://www.unicef.org/about/annualreport/files/Algeria_Annual_Report_2014.pdf
6810,Angola,ESARO,http://www.unicef.org/angola_latest/,The Representative,Angola  Country Office,2.44226E+11,luanda@unicef.org,"P.O. Box 2707
Luanda, Republic of Angola",2015,2019,http://www.unicef.org/about/execboard/files/2014-PL4-Angola_CPD-final_approved-EN.pdf,,2014,http://www.unicef.org/about/annualreport/files/Angola_Annual_Report_2014.pdf
240,Argentina,LACRO,http://www.unicef.org/argentina/,The Representative,Argentina  Country Office,5.41158E+11,buenosaires@unicef.org,Junín 1940 PB – Ciudad Autónoma de Buenos Aires,2010,2015,http://www.unicef.org/about/execboard/files/Argentina_final_approved_CPD_-12_Jan_2010.pdf,http://www.unicef.org/about/execboard/files/2014-18-Extensions_decision-SRS2014.pdf,2014,http://www.unicef.org/about/annualreport/files/Argentina_Annual_Report_2014.pdf
260,Armenia,CEE-CIS,http://www.unicef.org/armenia/,The Representative,Armenia  Country Office,37410523546,yerevan@unicef.org,"UNICEF Armenia
UN Building
14, Petros Adamyan Street
Yerevan 0010
Armenia",2010,2015,http://www.unicef.org/about/execboard/files/Armenia_final_approved_CPD_15_Sept_2009.pdf,,2014,http://www.unicef.org/about/annualreport/files/Armenia_Annual_Report_2014.pdf
310,Azerbaijan,CEE-CIS,http://www.unicef.org/azerbaijan/,The Representative,Azerbaijan  Country Office,9.94125E+11,baku@unicef.org,"24. S . Dadashov street.
Baku, Azerbaijan",2011,2015,http://www.unicef.org/about/execboard/files/Azerbaijan_final_approved_CPD_9_September_2010.pdf,,2014,http://www.unicef.org/about/annualreport/files/Azerbaijan_Annual_Report_2014.pdf
5070,Bangladesh,ROSA,http://www.unicef.org/bangladesh/,The Representative,Bangladesh  Country Office,88028852266,dhaka@unicef.org,"P.O. Box 58
Dhaka - 1000
Bangaldesh",2012,2016,http://www.unicef.org/about/execboard/files/Bangladesh_final_approved_2012-2016_20_Oct_2011_.pdf,,2014,http://www.unicef.org/about/annualreport/files/Bangladesh_Annual_Report_2014.pdf
420,Barbados,LACRO,http://www.unicef.org/barbados/,The Representative,Barbados  Country Office,2464676000,bridgetown@unicef.org,"1st Floor,  UN House
 Marine Gardens
 Christ Church
 BARBADOS",2012,2016,http://www.unicef.org/about/execboard/files/Eastern_Caribbean_multicountry_2012-2016_20_Oct_2012.pdf,,2014,http://www.unicef.org/about/annualreport/files/Eastern_Caribbean_Multi-Country_Program_Annual_Report_2014.pdf
630,Belarus,CEE-CIS,http://www.unicef.by/,The Representative,Belarus  Country Office,3.75172E+11,minsk@unicef.org,"22A, Krasnoarmejskaya Street
220030 Minsk
Republic of Belarus",2011,2015,http://www.unicef.org/about/execboard/files/Belarus_final_approved_CPD_9_Sept_2010.pdf,,2014,http://www.unicef.org/about/annualreport/files/Belarus_Annual_Report_2014.pdf
6110,Belize,LACRO,http://www.unicef.org/belize/,The Representative,Belize  Country Office,5012233864,belize@unicef.org,"P. O. Box 2672
Belize City, Belize
Central America",2013,2016,http://www.unicef.org/about/execboard/files/2012-PL14_Belize_CPD-Revised-English.pdf,,2014,http://www.unicef.org/about/annualreport/files/Belize_Annual_Report_2014.pdf
1170,Benin,WCARO,http://www.unicef.org/infobycountry/benin.html,The Representative,Benin  Country Office,22921300266,"cotonou@unicef.org
 ","01 B.P. 2289 Recette Principale
Cotonou
Republic of Benin",2014,2018,http://www.unicef.org/about/execboard/files/2013-PL4-Benin_CPD-Revised-English-5Aug2013.pdf,,2014,
490,Bhutan,ROSA,http://www.unicef.org/bhutan/,The Representative,Bhutan  Country Office,9752331369,thimphu@unicef.org,"Lhaki Lham 1-11
P.O. Box 239
Thimphu, Bhutan",2014,2018,http://www.unicef.org/about/execboard/files/2013-BTN1-Bhutan_CCPD-Revised-English-5Aug2013.pdf,,2014,http://www.unicef.org/about/annualreport/files/Bhutan_Annual_Report_2014.pdf
510,Bolivia,LACRO,http://www.unicef.org/bolivia/,The Representative,Bolivia  Country Office,59122770222,lapaz@unicef.org,"P.O. Box 3-12435
La Paz, Bolivia",2013,2017,http://www.unicef.org/about/execboard/files/2012-PL15_Bolivia_CPD-Revised-English.pdf,,2014,http://www.unicef.org/about/annualreport/files/Bolivia_Annual_Report_2014.pdf
530,Bosnia and Herzegovina,CEE-CIS,http://www.unicef.org/bih/,The Representative,Bosnia and Herzegovina  Country Office,38733293600,sarajevo@unicef.org,"Zmaja od Bosne b.b.
Sarajevo, Bosnia and Herzegovina",2015,2019,http://www.unicef.org/about/execboard/files/2014-PL12-Bosnia_and_Herzegovina_CPD-Final_approved-EN.pdf,,2014,http://www.unicef.org/about/annualreport/files/Bosnia_and_Herzegovina_Annual_Report_2014.pdf
520,Botswana,ESARO,http://www.unicef.org/botswana,The Representative,Botswana  Country Office,2673951909,gaborone@unicef.org,"1st Floor UN Place(Annex) 
Matsitama Road 
P O Box 20678, Gaborone",2010,2016,http://www.unicef.org/about/execboard/files/Botswana_final_approved_CPD_15_Sept_2009.pdf,http://www.unicef.org/about/execboard/files/2014-18-Extensions_decision-SRS2014.pdf,2014,http://www.unicef.org/about/annualreport/files/Botswana_Annual_Report_2014.pdf
540,Brazil,LACRO,http://www.unicef.org/brazil/,The Representative,Brazil  Country Office,5.5613E+11,brasilia@unicef.org,"Caixa Postal 08584
70.312-970 - Brasilia, DF",2012,2016,http://www.unicef.org/about/execboard/files/Brazil_final_approved_2012-2016_English_10Feb2012_.pdf,,2014,http://www.unicef.org/about/annualreport/files/Brazil_Annual_Report_2014.pdf
570,Bulgaria,CEE-CIS,http://www.unicef.bg/bg,The Representative,Bulgaria  Country Office,35929696208,lbacheva@unicef.org,"87 A. Doundukov Blvd., Fl.2
Sofia 1504, Bulgaria
P.O. Box 801",2013,2017,http://www.unicef.org/about/execboard/files/2012-PL4_Bulgaria_CPD-Revised-English.pdf,,2014,http://www.unicef.org/about/annualreport/files/Bulgaria_Annual_Report_2014.pdf
4590,Burkina Faso,WCARO,http://www.unicef.org/bfa/english/,The Representative,Burkina Faso  Country Office,22650300235,ouagadougou@unicef.org,"Immeuble des Nations Unies - Koulouba
01 BP 3420 - Ouagadougou 01",2011,2015,http://www.unicef.org/about/execboard/files/Burkina_Faso_final_approved_CPD_11Feb2011.pdf,,2014,http://www.unicef.org/about/annualreport/files/Burkina_Faso_Annual_Report_2014.pdf
610,Burundi,ESARO,http://www.unicef.org/infobycountry/burundi.html,The Representative,Burundi  Country Office,257202000,bujumbura@unicef.org,"B.P. 1650
Bujumbura, Burundi",2010,2016,http://www.unicef.org/about/execboard/files/Burundi_final_approved_CPD_15_Sept_2009.pdf,http://www.unicef.org/about/execboard/files/2014-18-Extensions_decision-SRS2014.pdf,2014,http://www.unicef.org/about/annualreport/files/Burundi_Annual_Report_2014.pdf
660,Cambodia,EAPRO,http://www.unicef.org/cambodia/,The Representative,Cambodia  Country Office,85523426 214,phnompenh@unicef.org,"No.11, Street 75, Sangkat Sraschark P.O. Box 176                 Phnom Penh",2011,2015,http://www.unicef.org/about/execboard/files/Cambodia_final_approved_CPD_9_Sept_2010.pdf,,2014,http://www.unicef.org/about/annualreport/files/Cambodia_Annual_Report_2014.pdf
690,Republic of Cameroon,WCARO,http://www.unicef.org/wcaro/Countries_1742.html,The Representative,Republic of Cameroon  Country Office,2372223182,yaounde@unicef.org,"Winston Churchill Avenue 
 P.O. Box 1181, Yaoundé",2013,2017,http://www.unicef.org/about/execboard/files/2012-PL35_Cameroon_CPD-Revised-English.pdf,,,
6820,Cape Verde,WCARO,http://www.unicef.org/wcaro/Countries_1745.html,The Representative,Cape Verde  Country Office,2382621525,,"P.O. Box 62
Meio de Achada Santo Antonio
Praia",2012,2016,http://www.unicef.org/about/execboard/files/Cape_Verde_final_approved_2012-2016_English_10Feb2012.pdf,,,
750,Central African Republic,WCARO,http://www.unicef.org/wcaro/Countries_1746.html,The Representative,Central African Republic  Country Office,236612850,bangui@unicef.org,"B.P. 907, Bangui",2012,2016,http://www.unicef.org/about/execboard/files/CARep_final_approved_2012-2016_20_Oct_2011.pdf,,2014,http://www.unicef.org/about/annualreport/files/Central_African_Republic_Annual_Report_2014.pdf
810,Chad,WCARO,http://www.unicef.org/wcaro/Countries_1747.html,The Representative,Chad  Country Office,235518989,infochile@unicef.org," Boite Postale 1146, N'Djaména, Tchad",2012,2016,http://www.unicef.org/about/execboard/files/Chad_final_approved_2012-2016_20_Oct_2011.pdf,,2014,http://www.unicef.org/about/annualreport/files/Chad_Annual_Report_2014.pdf
840,Chile,LACRO,http://www.unicef.cl/unicef/index.php,The Representative,Chile  Country Office,5624228800,santiago@unicef.org,"Isidora Goyenechea #3322  
Las Condes, Santiago  ",2012,2016,http://www.unicef.org/about/execboard/files/Chile_final_approved_2012-2016_English_20_Oct_2011.pdf,,2014,http://www.unicef.org/about/annualreport/files/Chile_Annual_Report_2014.pdf
860,China,EAPRO,http://www.unicef.org/china/,The Representative,China  Country Office,8.61085E+11,beijing@unicef.org,"12 Sanlitun Lu
Chaoyang District 100600, Beijing",2011,2015,http://www.unicef.org/about/execboard/files/China_final_approved_CPD_9_Sept_2010.pdf,,2014,http://www.unicef.org/about/annualreport/files/China_Annual_Report_2014.pdf
930,Colombia,LACRO,http://www.unicef.org/colombia/,The Representative,Colombia  Country Office,5713120090,bogota@unicef.org,Calle 72 #10-71 Piso 11. Bogotá D.C.,2008,2015,http://www.unicef.org/about/execboard/files/Colombia_final_approved_CPD_1_Feb_2008.pdf,http://www.unicef.org/about/execboard/files/2014-18-Extensions_decision-SRS2014.pdf,2014,http://www.unicef.org/about/annualreport/files/Colombia_Annual_Report_2014.pdf
6620,Comoros,ESARO,http://www.unicef.org/infobycountry/comoros.html,The Representative,Comoros  Country Office,2697730993,moroni@unicef.org,"B.P. 497, Moroni, Comoros",2015,2019,http://www.unicef.org/about/execboard/files/Comoros_final_approved_CPD.pdf,http://www.unicef.org/about/execboard/files/2014-18-Extensions_decision-SRS2014.pdf,2014,http://www.unicef.org/about/annualreport/files/Comoros_Annual_Report_2014.pdf
3380,Congo,WCARO,http://www.unicef.org/congo/french/,The Representative,Congo  Country Office,242815024,Brazzaville@unicef.org,"D.34, Rue Lucien Fourneau
Boite Postale 2110, Brazzaville",2014,2018,http://www.unicef.org/about/execboard/files/2013-PL5-Congo_CPD-Revised-English-5Aug2013.pdf,,2014,http://www.unicef.org/about/annualreport/files/Congo_Annual_Report_2014.pdf
1020,Costa Rica,LACRO,http://www.unicef.org/costarica/,The Representative,Costa Rica  Country Office,50622962034,sanjose@unicef.org,"Apartado Postal 490-1000
San Jose",2013,2017,http://www.unicef.org/about/execboard/files/2012-PL16_Costa_Rica_CPD-Revised-English.pdf,,2014,http://www.unicef.org/about/annualreport/files/Costa_Rica_Annual_Report_2014.pdf
2250,Cote D'Ivoire,WCARO,http://www.unicef.org/cotedivoire/,The Representative,Cote D'Ivoire  Country Office,2252121850,abidjan@unicef.org,"18, Rue Pierre & Marie Currie
Marcory Zone IV, Boite Postale 443
Abidjan 04, Côte d'Ivoire",2009,2015,http://www.unicef.org/about/execboard/files/Cote_dIvoire_final_approved_CPD_5_Feb_2009.pdf,,2014,http://www.unicef.org/about/annualreport/files/Cote_dIvoire_Annual_Report_2014.pdf
1030,Croatia,CEE-CIS,http://www.unicef.hr/,The Representative,Croatia  Country Office,01/2442 660,info@unicef.hr,"Radni_ka cesta 41/7
10 000 Zagreb",2012,2016,http://www.unicef.org/about/execboard/files/Croatia_final_approved_2012-2016_18_Oct_2011.pdf,,2014,http://www.unicef.org/about/annualreport/files/Croatia_Annual_Report_2014.pdf
1050,Cuba,LACRO,http://www.unicef.org/infobycountry/cuba.html,The Representative,Cuba  Country Office,5372086094,havana@unicef.org,"Calle 1ra B No. 15802, esquina a 158 Reparto Náutico,  Playa, Ciudad de la Habana, Cuba",2014,2018,http://www.unicef.org/about/execboard/files/2013-PL2-Cuba_CPD-Revised-English-7Aug2013.pdf,,2014,http://www.unicef.org/about/annualreport/files/Cuba_Annual_Report_2014.pdf
990,Democratic Republic of Congo,WCARO,http://www.unicef.org/drcongo/french/,The Representative,Democratic Republic of Congo  Country Office,2.43815E+11,Kinshasa@unicef.org,"Boulevard. du 30 Juin, No. 87
 Building de la Communauté Hellenique Commune de la Gombe
B.P. 7248, Kinshasa",2013,2017,http://www.unicef.org/about/execboard/files/2012-PL36_DRC_CPD-Revised-English.pdf,,,
6690,Djibouti,MENA,http://www.unicef.org/infobycountry/bahrain.html,The Representative,Djibouti  Country Office,97317311600,"riyadh@unicef.org
 ","P.O. Box 26814
Manama, Kingdom of Bahrain",2013,2017,http://www.unicef.org/about/execboard/files/2012-PL9_Djibouti_CPD-Revised-English.pdf,,2014,http://www.unicef.org/about/annualreport/files/Djibouti_Annual_Report_2014.pdf
1260,Dominican Republic,LACRO,http://www.unicef.org/republicadominicana,The Representative,Dominican Republic  Country Office,8094737373,santodomingo@unicef.org,"Avenida Anacaona No.9,  
Casa de Naciones Unidas, 3er. piso
Mirador Sur, Santo Domingo",2012,2016,http://www.unicef.org/about/execboard/files/Dominican_Republic_final_aproved_2012-2016_English_10Feb2012.pdf,,2014,http://www.unicef.org/about/annualreport/files/Dominican_Republic_Annual_Report_2014.pdf
5150,DP Republic of Korea,EAPRO,http://www.unicef.org/dprk/,The Representative,DP Republic of Korea  Country Office,85023817150,,"28 Munsudong, PO Box 90, Pyong Yang",2011,2015,http://www.unicef.org/about/execboard/files/DPRK_final_approved_CPD_9_Sept_2010.pdf,,2014,http://www.unicef.org/about/annualreport/files/DPRK_Annual_Report_2014.pdf
7060,East Timor,EAPRO,http://www.unicef.org/infobycountry/Timorleste.html,The Representative,East Timor  Country Office,6703311302,dili@unicef.org,"UN House, P.O. Box 212, Dili",,,,,2014,http://www.unicef.org/about/annualreport/files/Timor-Leste_Annual_Report_2014.pdf
1350,Ecuador,LACRO,http://www.unicef.org/ecuador/,The Representative,Ecuador  Country Office,59322460330,quito@unicef.org,"Av. Amazonas 2889 y La Granja, Edificio Naciones Unidas, Quito",2015,2018,http://www.unicef.org/about/execboard/files/2014-PL13-Ecuador_CPD-Final_approved-EN.pdf,,2014,http://www.unicef.org/about/annualreport/files/Ecuador_Annual_Report_2014.pdf
4500,Egypt,MENA,http://www.unicef.org/djibouti/,The Representative,Egypt  Country Office,253314111,djibouti@unicef.org,"Lotissement du Héron
Lot no. 155 
B.P 583-Djibouti",2013,2017,http://www.unicef.org/about/execboard/files/2013-PL3-Egypt_CPD-final_approved-English.pdf,,2014,http://www.unicef.org/about/annualreport/files/Egypt_Annual_Report_2014.pdf
1380,El Savador,LACRO,http://www.unicef.org/infobycountry/elsalvador.html,The Representative,El Savador  Country Office,50322528800,sansalvador@unicef.org,"Apartado Postal 2193
San Salvador",2012,2015,http://www.unicef.org/about/execboard/files/El_Salvador_final_approved_2012-2015_20_Oct_2011.pdf,,2014,
1390,Equatorial Guinea,WCARO,http://www.unicef.org/wcaro/Countries_1750.html,The Representative,Equatorial Guinea  Country Office,240092724,,"UNDP House N. 5, UNDP Compound, Malabo, P.O. Box 490 -Malabo",2013,2017,http://www.unicef.org/about/execboard/files/2012-PL37_Equatorial_Guinea_CPD-Revised-English.pdf,,2014,
1420,Eritrea,ESARO,http://www.unicef.org/infobycountry/eritrea.html,The Representative,Eritrea  Country Office,291186222,asmara@unicef.org,"Bada Street 745, 
Zone 4 Administration 01, Asmara",2013,2016,http://www.unicef.org/about/execboard/files/2013-PL1-Eritrea_CPD-final_approved-English.pdf,,2014,http://www.unicef.org/about/annualreport/files/Eritrea_Annual_Report_2014.pdf
1410,Ethiopia,ESARO,http://www.unicef.org/ethiopia/,The Representative,Ethiopia  Country Office,2.51115E+11,ethcommunication@unicef.org,"UNICEF House (Kazanchis - Opposite UNECA/German House)
P.O. Box 1169 Addis Ababa",2012,2015,http://www.unicef.org/about/execboard/files/Ethiopia_final_approved_2012-2015_20_Oct_2011.pdf,,2014,http://www.unicef.org/about/annualreport/files/Ethiopia_Annual_Report_2014.pdf
1430,Fiji (Pacific Islands),,http://www.unicef.org/pacificislands/,The Representative,Fiji (Pacific Islands)  Country Office,6793300439,"suva@unicef.org 
 ","3rd & 5th Floors, FDB Building
360 Victoria Parade, Suva",2013,2017,http://www.unicef.org/about/execboard/files/2012-PL7_Pacific_Island_Countries-CPD-English.pdf,,2014,http://www.unicef.org/about/annualreport/files/Pacific_Islands_Annual_Report_2014.pdf
1530,Gabon,WCARO,http://www.unicef.org/wcaro/Countries_1751.html,The Representative,Gabon  Country Office,241443862,,"Trois Quartiers, Près Clinique El Rapha, Libreville; BP. 20 448 - Libreville ",2012,2016,http://www.unicef.org/about/execboard/files/Gabon_final_approved_2012-2016_English_20_Oct_2011.pdf,,2014,
1560,Gambia,WCARO,http://www.unicef.org/gambia/,The Representative,Gambia  Country Office,2204494760,,"No. 5 Kofi Annan Street
Cape Point, Kombo St. Mary
Private Mail Bag 85, Banjul",2012,2016,http://www.unicef.org/about/execboard/files/Gambia_final_approved_2012-2016_20_Oct_2011.pdf,,2014,http://www.unicef.org/about/annualreport/files/Gambia_Annual_Report_2014.pdf
1600,Georgia,CEE-CIS,http://www.unicef.org/georgia/,The Representative,Georgia  Country Office,9.95322E+11,,"9, Eristavi Street, Floor IV
0179 Tbilisi",2011,2015,http://www.unicef.org/about/execboard/files/Georgia_final_approved_CPD_9_Sept_2010.pdf,,2014,http://www.unicef.org/about/annualreport/files/Georgia_Annual_Report_2014.pdf
1620,Ghana,WCARO,http://www.unicef.org/wcaro/english/Countries_4765.html,The Representative,Ghana  Country Office,23321777972,," 4-8 Rangoon Close     Ward 24
 P.O. Box 5051, Cantoments, Accra",2012,2016,http://www.unicef.org/about/execboard/files/Ghana_final_approved_2012-2016_20_Oct_2011.pdf,,2014,http://www.unicef.org/about/annualreport/files/Ghana_Annual_Report_2014.pdf
1680,Guatemala,LACRO,http://www.unicef.org/guatemala/,The Representative,Guatemala  Country Office,50223276373,guatemalacity@unicef.org,"Apartado Postal 525-A
Guatemala City",2015,2019,http://www.unicef.org/about/execboard/files/2014-PL14-Guatemala_CPD-Final_approved-EN.pdf,,2014,http://www.unicef.org/about/annualreport/files/Guatemala_Annual_Report_2014.pdf
1770,Guinea,WCARO,http://www.unicef.org/infobycountry/guinea.html,The Representative,Guinea  Country Office,22460228746,,"Corniche Nord Immeuble Saadi, 
Quartier Camayenne, Conakry, 
 P. O. Box 222 - Conakry",2013,2017,http://www.unicef.org/about/execboard/files/2012-PL17_Guinea_CPD-Revised-English.pdf,,2014,
6850,Guinea Bissau,WCARO,http://www.unicef.org/wcaro/english/Countries_4766.html,The Representative,Guinea Bissau  Country Office,2453203581,bissau@unicef.org,"Predio das Naçoes Unidas
 Apartado 464
 1034 Bissau Codex, Bissau",2008,2015,http://www.unicef.org/about/execboard/files/Guinea-Bissau_final_approved_CPD_7_Sept2007.pdf,http://www.unicef.org/about/execboard/files/2014-18-Extensions_decision-SRS2014.pdf,2014,http://www.unicef.org/about/annualreport/files/Guinea_Bissau_Annual_Report_2014.pdf
1800,Guyana,LACRO,http://www.unicef.org/guyana/,The Representative,Guyana  Country Office,5922267083,,"72 Brickdam Georgetown
Guyana, P.O. Box 10960",2012,2016,http://www.unicef.org/about/execboard/files/Guyana_and_Suriname_final_approved_2012-2016_10Feb2012.pdf,,2014,http://www.unicef.org/about/annualreport/files/Guyana_and_Suriname_Annual_Report_2014.pdf
1830,Haiti,LACRO,http://www.unicef.org/haiti/,The Representative,Haiti  Country Office,50928123011,portauprince@unicef.org,"Boite postale 1363  Port-au-Prince, Haïti ",2013,2016,http://www.unicef.org/about/execboard/files/2012-PL30_Haiti_CPD-Revised-English.pdf,,2014,http://www.unicef.org/about/annualreport/files/Haiti_Annual_Report_2014.pdf
1860,Honduras,LACRO,http://www.unicef.org/honduras/,The Representative,Honduras  Country Office,50422201100,,"P.O. Box 2850
Tegucigalpa MDC
Honduras, C.A.",2012,2016,http://www.unicef.org/about/execboard/files/Honduras_final_approved_2012-2016_English_20_Oct_2011.pdf,,2014,http://www.unicef.org/about/annualreport/files/Honduras_Annual_Report_2014.pdf
2040,India,ROSA,http://www.unicef.org/india/,The Representative,India  Country Office,91112469040,newdelhi@unicef.org,"73 Lodi Estate ,New Delhi 110 003",2013,2017,http://www.unicef.org/about/execboard/files/2012-PL11_India_CPD-Revised-English.pdf,,2014,http://www.unicef.org/about/annualreport/files/India_Annual_Report_2014.pdf
2070,Indonesia,EAPRO,http://www.unicef.org/indonesia/,The Representative,Indonesia  Country Office,6.2213E+11,jakarta@unicef.org,"10th Floor, Wisma Metropolitan 2, Jl. Jenderal Sudirman, Jakarta 12920 ",2011,2015,http://www.unicef.org/about/execboard/files/Indonesia_final_approved_CPD_11_Feb2011.pdf,,2014,http://www.unicef.org/about/annualreport/files/Indonesia_Annual_Report_2014.pdf
2100,Iran,MENA,http://www.unicef.org/egypt/,The Representative,Iran  Country Office,20225265083,cairo@unicef.org,"87 Misr Helwan Agricultural Road
Maadi, Cairo",2012,2016,http://www.unicef.org/about/execboard/files/Iran_final_approved_2012-2016_English_10Feb2012.pdf,,2014,http://www.unicef.org/about/annualreport/files/Iran_(Islamic_Republic_of)_Annual_Report_2014.pdf
2130,Iraq,MENA,http://www.unicef.org/iran/,The Representative,Iraq  Country Office,9.82123E+11,tehran@unicef.org,"P.O. Box 19395, 1176 Tehran",2011,2015,http://www.unicef.org/about/execboard/files/Iraq_final_approved_CPD_9_Sept_2010.pdf,http://www.unicef.org/about/execboard/files/2014-18-Extensions_decision-SRS2014.pdf,2014,
2280,Jamaica,LACRO,http://www.unicef.org/jamaica/,The Representative,Jamaica  Country Office,18769267584,kingston@unicef.org,"P.O. Box 305, Kingston",2012,2016,http://www.unicef.org/about/execboard/files/Jamaica_final_approved_2012-2016_20_Oct_2011.pdf,,2014,http://www.unicef.org/about/annualreport/files/Jamaica_Annual_Report_2014.pdf
2340,Jordan,MENA,http://www.unicef.org/iraq/,The Representative,Jordan  Country Office,9.64781E+12,baghdad@unicef.org,"C/o UNICEF Amman
P.O. Box 1551
Amman 11821",2013,2017,http://www.unicef.org/about/execboard/files/2012-PL10_Jordan_CPD-Revised-English.pdf,,2014,http://www.unicef.org/about/annualreport/files/Jordan_Annual_Report_2014.pdf
2390,Kazakstan,CEE-CIS,http://www.unicef.org/kazakhstan/,The Representative,Kazakstan  Country Office,7172326206,astana@unicef.org,"10, Beibitshilik Street
A, Block 1, Astana",2010,2015,http://www.unicef.org/about/execboard/files/Kazakhstan_final_approved_CPD_Sept_15_2009.pdf,,2014,http://www.unicef.org/about/annualreport/files/Kazakhstan_Annual_Report_2014.pdf
2400,Kenya,ESARO,http://www.unicef.org/kenya/,The Representative,Kenya  Country Office,2.54208E+11,nairobi@unicef.org,"P.O. Box 44145
Nairobi 00100",2014,2018,http://www.unicef.org/about/execboard/files/2014-PL6-Kenya_CPD-final_approved-English.pdf,,2014,http://www.unicef.org/about/annualreport/files/Kenya_Annual_Report_2014.pdf
8971,Kosovo,CEE-CIS,http://www.unicef.org/kosovo/,The Representative,Kosovo  Country Office,38138249230,prishtina@unicef.org,"Nr. 1 Ali Pashë Tepelena Street
Prishtina",,,,,,
2450,Republic of Kyrgyzstan,CEE-CIS,http://www.unicef.org/kyrgyzstan/,The Representative,Republic of Kyrgyzstan  Country Office,9.96313E+11,bishkek@unicef.org,"160, Chui Avenue, 720040, Bishkek",2012,2016,http://www.unicef.org/about/execboard/files/Kyrgyzstan_final_approved_2012-2016_18_Oct_2011.pdf,,2014,http://www.unicef.org/about/annualreport/files/Kyrgyzstan_Annual_Report_2014.pdf
2460,Lao People's Dem Rep.,EAPRO,http://www.unicef.org/infobycountry/laopdr_2573.html,The Representative,Lao People's Dem Rep.  Country Office,85621315200,vientiane@unicef.org,"P.O. Box 1080, Vientiane",2012,2015,http://www.unicef.org/about/execboard/files/Lao_final_approved_2012-2015_20_Oct_2011.pdf,,2014,http://www.unicef.org/about/annualreport/files/Lao_Annual_Report_2014.pdf
2490,Lebanon,MENA,http://www.unicef.org/infobycountry/lebanon.html,The Representative,Lebanon  Country Office,9611756101,beirut@unicef.org,"Maamari Street, Gefinor Center,
Block E, 5th Floor, Beirut",2010,2015,http://www.unicef.org/about/execboard/files/Lebanon_final_approved_CPD_15_Sept_2009.pdf,http://www.unicef.org/about/execboard/files/2014-18-Extensions_decision-SRS2014.pdf,2014,http://www.unicef.org/about/annualreport/files/Lebanon_Annual_Report_2014.pdf
2520,Lesotho,ESARO,http://www.unicef.org/infobycountry/lesotho.html,The Representative,Lesotho  Country Office,26622315801,,"Private Bag A171, Maseru 100",2013,2017,http://www.unicef.org/about/execboard/files/2012-PL8_Lesotho_CPD-Revised-English.pdf,,2014,http://www.unicef.org/about/annualreport/files/Lesotho_Annual_Report_2014.pdf
2550,Liberia,WCARO,http://www.unicef.org/wcaro/english/Countries_4749.html,The Representative,Liberia  Country Office,4.42071E+11,,"Sekou Toure Avenue, Mamba Point,      Monrovia",2013,2017,http://www.unicef.org/about/execboard/files/2012-PL19_Liberia_CPD-Revised-English.pdf,,2014,http://www.unicef.org/about/annualreport/files/Liberia_Annual_Report_2014.pdf
2580,Libya,MENA,http://www.unicef.org/infobycountry/laj.html,The Representative,Libya  Country Office,,tripoli@unicef.org,"P.O. Box 3179, Tripoli",2013,2015,http://www.unicef.org/about/execboard/files/2012_PL33_Libya_CPD-Revised-English.pdf,http://www.unicef.org/about/execboard/files/2014-18-Extensions_decision-SRS2014.pdf,2014,http://www.unicef.org/about/annualreport/files/Libya_Annual_Report_2014.pdf
2660,Macedonia,CEE-CIS,http://www.unicef.org/tfyrmacedonia/,The Representative,Macedonia  Country Office,3893231150,skopje@unicef.org,"Orce Nikolov 74 PO BOX 491, 1000 Skopje",,,,,2014,http://www.unicef.org/about/annualreport/files/Macedonia_(The_Former_Yugoslav_Republic_of)_Annual_Report_2014.pdf
2670,Madagascar,ESARO,http://www.unicef.org/madagascar/,The Representative,Madagascar  Country Office,2.61202E+11,antananarivo@unicef.org,"Zone Galaxy Andraharo, BP 732 Antananarivo 101",2015,2019,http://www.unicef.org/about/execboard/files/2015-PL1-Madagascar_CPD-final_approved-EN.pdf,,2014,http://www.unicef.org/about/annualreport/files/Madagascar_Annual_Report_2014.pdf
2690,Malawi,ESARO,http://www.unicef.org/malawi/,The Representative,Malawi  Country Office,2651770788,lilongwe@unicef.org,"P.O Box 30375, Lilongwe 3",2012,2016,http://www.unicef.org/about/execboard/files/Malawi_final_approved_2012-2016_English_10Feb2012.pdf,,2014,http://www.unicef.org/about/annualreport/files/Malawi_Annual_Report_2014.pdf
2700,Malaysia,EAPRO,http://www.unicef.org/malaysia/,The Representative,Malaysia  Country Office,60320959154,kualalumpur@unicef.org,"Wisma UN, Block C, 2nd Floor
Kompleks Pejabat Damansara
Jalan Dungun, Damansara Heights
50490 Kuala Lumpur",2011,2015,http://www.unicef.org/about/execboard/files/Malaysia_final_approved_CPD_9_Sept_2010.pdf,,2014,http://www.unicef.org/about/annualreport/files/Malaysia_Annual_Report_2014.pdf
2740,Maldives,ROSA,http://www.unicef.org/maldives/,The Representative,Maldives  Country Office,9607905580,,"UN Building, Rai'dhebai Hingun
Male",2011,2015,http://www.unicef.org/about/execboard/files/Maldives_final_approved_CPD_11_Feb_2011.pdf,,2014,http://www.unicef.org/about/annualreport/files/Maldives_Annual_Report_2014.pdf
2760,Mali,WCARO,http://www.unicef.org/mali/,The Representative,Mali  Country Office,22320204401,bamako@unicef.org,"BP 96, Niamakoro
Route de l'Aeroport, Bamako",2015,2019,http://www.unicef.org/about/execboard/files/2015-PL2-Mali_CPD-Final_approved-EN.pdf,,,
2820,Mauritania,WCARO,http://www.unicef.org/infobycountry/mauritania.html,The Representative,Mauritania  Country Office,2245299800,nouakchott@unicef.org,"P. O. Box 620, Nouakchott",2012,2016,http://www.unicef.org/about/execboard/files/Mauritania_final_approved_2012-2016_English_20_Oct_2011.pdf,,2014,
2850,Mexico,LACRO,http://www.unicef.org/mexico/,The Representative,Mexico  Country Office,5552849530,mexico@unicef.org,"Paseo de la Reforma 645 
Col. Lomas de Chapultepec
México, D.F. 11000",2014,2018,http://www.unicef.org/about/execboard/files/2013-PL15-Mexico_CPD-Revised-English.pdf,,2014,http://www.unicef.org/about/annualreport/files/Mexico_Annual_Report_2014.pdf
5640,Moldova,CEE-CIS,http://www.unicef.org/moldova/,The Representative,Moldova  Country Office,37322269140,chisinau@unicef.org,"UNICEF Moldova
131, 31 August 1989 Street 
United Nations House 
Chisinau, MD-2012",2013,2017,http://www.unicef.org/about/execboard/files/2012-PL5_Moldova_CPD-Revised-English.pdf,,2014,http://www.unicef.org/about/annualreport/files/Moldova_Annual_Report_2014.pdf
2880,Mongolia,EAPRO,http://www.unicef.org/mongolia/,The Representative,Mongolia  Country Office,97611312185,ulaanbaatar@unicef.org,"UN Street 12
Sukhbaatar District, 1st khoroo
Ulaanbaatar - 14201",2012,2016,http://www.unicef.org/about/execboard/files/Mongolia_final_approved_2012-2016_20_Oct_2011.pdf,,2014,http://www.unicef.org/about/annualreport/files/Mongolia_Annual_Report_2014.pdf
8950,Republic of Montenegro,CEE-CIS,http://www.unicef.org/montenegro/,The Representative,Republic of Montenegro  Country Office,38220224277,podgorica@unicef.org,"Vladike Danila 28, 81000 Podgorica",2012,2016,http://www.unicef.org/about/execboard/files/Montenegro_final_approved_2012-2016_20_Oct_2011.pdf,,2014,http://www.unicef.org/about/annualreport/files/Montenegro_Annual_Report_2014.pdf
2910,Morocco,MENA,http://www.unicef.org/morocco/,The Representative,Morocco  Country Office,2.12538E+11,rabat@unicef.org,"1 Rue Bani Bouayach,Angle Avenue Mohammed VI, Souissi, Rabat",2012,2016,http://www.unicef.org/about/execboard/files/Morocco_final_approved_2012-2016_English_20_Oct_2011.pdf,,,
6890,Republic of Mozambique,ESARO,http://www.unicef.org/mozambique/,The Representative,Republic of Mozambique  Country Office,25821481100,maputo@unicef.org,"1440, Zimbabwe Avenue
P.O.Box 4713, Maputo",2012,2015,http://www.unicef.org/about/execboard/files/Mozambique_final_approved_2012-2015_English_10Feb2012.pdf,,2014,http://www.unicef.org/about/annualreport/files/Mozambique_Annual_Report_2014.pdf
600,Myanmar,EAPRO,http://www.unicef.org/myanmar/,The Representative,Myanmar  Country Office,9512305960,yangon@unicef.org,"UNICEF MYANMAR
P.O. Box 1435
Yangon 11201",2011,2015,http://www.unicef.org/about/execboard/files/Myanmar_final_approved_CPD_9_Sept_2010.pdf,,2014,http://www.unicef.org/about/annualreport/files/Myanmar_Annual_Report_2014.pdf
6980,Namibia,ESARO,http://www.unicef.org/infobycountry/namibia.html,The Representative,Namibia  Country Office,2.64612E+11,nmbregistry@unicef.org,"P. O. Box 1706, Windhoek",2014,2018,http://www.unicef.org/about/execboard/files/2013-PL16-Namibia_CPD-Revised-English.pdf,,2014,http://www.unicef.org/about/annualreport/files/Namibia_Annual_Report_2014.pdf
2970,Nepal,ROSA,http://www.unicef.org/nepal/,The Representative,Nepal  Country Office,97715523200,kathmandu@unicef.org,"P.O.Box 1187
UN House, Pulchowk
Kathmandu",2013,2017,http://www.unicef.org/about/execboard/files/2012-PL12_Nepal_CPD-Revised-English.pdf,,2014,http://www.unicef.org/about/annualreport/files/Nepal_Annual_Report_2014.pdf
3120,Nicaragua,LACRO,http://www.unicef.org/infobycountry/nicaragua.html,The Representative,Nicaragua  Country Office,50522680687,managua@unicef.org,"Apartado Postal 5541, Managua",2013,2017,http://www.unicef.org/about/execboard/files/2012-PL31_Nicaragua_CPD-Revised-English.pdf,,2014,http://www.unicef.org/about/annualreport/files/Nicaragua_Annual_Report_2014.pdf
3180,Niger,WCARO,http://www.unicef.org/wcaro/english/Countries_4746.html,The Representative,Niger  Country Office,236612850,bangui@unicef.org,"01, Rue Joseph Degrain; BP. 907, Bangui      ",2014,2018,http://www.unicef.org/about/execboard/files/2013-PL6-Niger_CPD-Revised-English-5Aug2013.pdf,,2014,
3210,Nigeria,WCARO,http://www.unicef.org/wcaro/english/Countries_4745.html,The Representative,Nigeria  Country Office,23494618600,abuja@unicef.org,"Plot 617/618, Diplomatic Drive 
Central Business District
PMB 2851, Garki, Abuja",2014,2017,http://www.unicef.org/about/execboard/files/2013-PL7-Nigeria_CPD-Revised-English-5Aug2013.pdf,,2014,http://www.unicef.org/about/annualreport/files/Nigeria_Annual_Report_2014.pdf
7050,Occupied Palestinian Territ.,MENA,http://www.unicef.org/oPt/,The Representative,Occupied Palestinian Territ.  Country Office,97225840404,Jerusalem@unicef.org,"P.O. Box 25141
Shu'fat Jerusalem",2015,2016,http://www.unicef.org/about/execboard/files/2014-PL7_Palestinian_children_and_women_APD-Final_approved-EN.pdf,,,
6350,Oman,MENA,http://www.unicef.org/oman/,The Representative,Oman  Country Office,96824498932,muscat@unicef.org,"P.O. Box 3787, Ruwi 
Postal Code 112 
Muscat",2012,2015,http://www.unicef.org/about/execboard/files/Oman_final_approved_2012-2015_20_Oct_2011.pdf,,2014,http://www.unicef.org/about/annualreport/files/Oman_AnnualReport_2014.pdf
3300,Pakistan,ROSA,http://www.unicef.org/pakistan/,The Representative,Pakistan  Country Office,92512097700,islamabad@unicef.org,"P.O. Box 1063
Islamabad",2013,2017,http://www.unicef.org/about/execboard/files/2012-PL38_Pakistan_CCPD-Revised-English.pdf,,2014,http://www.unicef.org/about/annualreport/files/Pakistan_Annual_Report_2014.pdf
3330,Panama,LACRO,http://www.unicef.org/panama/,The Representative,Panama  Country Office,5073017360,panama@unicef.org,P.O. Box 0843-03045 Panama,2012,2015,http://www.unicef.org/about/execboard/files/Panama_final_approved_2012-2015_English_10Feb2012_.pdf,,2014,
6490,Papua New Guinea,EAPRO,http://www.unicef.org/png/,The Representative,Papua New Guinea  Country Office,6753213000,portmoresby@unicef.org,"P.O. Box 472,
Port Moresby, NCD",2012,2015,http://www.unicef.org/about/execboard/files/Papua_New_Guinea_final_approved_2012-2015_English_10Feb2012_.pdf,,2014,http://www.unicef.org/about/annualreport/files/Papua_New_Guinea_Annual_Report_2014.pdf
3360,Paraguay,LACRO,http://www.unicef.org/paraguay/,The Representative,Paraguay  Country Office,59521608644,asuncion@unicef.org,"c/o UNDP
Casilla de Correo 1107
Asuncion",2015,2019,http://www.unicef.org/about/execboard/files/2014-PL15-Paraguay_CPD-Final_approved-EN.pdf,,2014,
3390,Peru,LACRO,http://www.unicef.org/peru/,The Representative,Peru  Country Office,5116130707,lima@unicef.org,"P.O. Box 18-0573, Miraflores
Lima18",2012,2016,http://www.unicef.org/about/execboard/files/Peru_final_approved_2012-2016_English_10Feb2012.pdf,,2014,http://www.unicef.org/about/annualreport/files/Peru_Annual_Report_2014.pdf
3420,Philippines,EAPRO,http://www.unicef.org/philippines/,The Representative,Philippines  Country Office,632758 1000,manila@unicef.org,"31st Floor, Yuchengco Tower
Rizal Commercial Banking Corporation (RCBC) Plaza
6819 Ayala Avenue corner Gil Puyat Avenue 
Makati City",2012,2016,http://www.unicef.org/about/execboard/files/Philippines_final_approved_2012-2016_20_Oct_2011.pdf,,2014,http://www.unicef.org/about/annualreport/files/Philippines_Annual_Report_2014.pdf
3660,Romania,CEE-CIS,http://www.unicef.org/romania/,The Representative,Romania  Country Office,40212017853,bucharest@unicef.org,"UNICEF 48A, Blvd. Primaverii 
011975 Bucharest 1",2013,2017,http://www.unicef.org/about/execboard/files/2012-PL6_Romania_CPD-Revised-English.pdf,,2014,http://www.unicef.org/about/annualreport/files/Romania_Annual_Report_2014.pdf
3750,Rwanda,ESARO,http://www.unicef.org/rwanda/,The Representative,Rwanda  Country Office,2.50253E+11,kigali@unicef.org,B.P. 381 Kigali,2013,2018,http://www.unicef.org/about/execboard/files/2013-RWA1-Rwanda_CCPD-final_approved-English.pdf,,,
6830,Sao Tome Principe,WCARO,http://www.unicef.org/saotome/,The Representative,Sao Tome Principe  Country Office,23922221634,Saotome@unicef.org,Caixa Postal 404 Sao Tomé,2012,2016,http://www.unicef.org/about/execboard/files/Sao_Tome_Principe_final_approved_2012-2016_20_Oct_2011.pdf,,2014,http://www.unicef.org/about/annualreport/files/Sao_Tome_and_Principe_Annual_Report_2014.pdf
3780,Saudi Arabia,MENA,http://www.unicef.org/infobycountry/saudiarabia.html,The Representative,Saudi Arabia  Country Office,9.66115E+11,riyadh@unicef.org,P.O. Box 18009 Riyadh,2014,2017,http://www.unicef.org/about/execboard/files/2013-PL17-Gulf_Area_CPD-Revised-English.pdf,,2014,http://www.unicef.org/about/annualreport/files/Gulf_Area_Subregional_Programme_Annual_Report_2014.pdf
3810,Senegal,WCARO,http://www.unicef.org/infobycountry/senegal.html,The Representative,Senegal  Country Office,2.21339E+11,dakar@unicef.org,"2, Rue Carnot X Salva P.O. Box 429
Dakar",2012,2016,http://www.unicef.org/about/execboard/files/Senegal_final_approved_2012-2016_English_20_Oct_2011.pdf,,2014,
8970,Serbia,CEE-CIS,http://www.unicef.org/serbia/,The Representative,Serbia  Country Office,3.81114E+11,belgrade@unicef.org,"Svetozara Markovica 58 
11000 Belgrade",2011,2015,http://www.unicef.org/about/execboard/files/Serbia_final_approved_CPD_9_Sept_2010.pdf,,2014,http://www.unicef.org/about/annualreport/files/Serbia_Annual_Report_2014.pdf
3900,Sierra Leone,WCARO,http://www.unicef.org/wcaro/english/Countries_4755.html,The Representative,Sierra Leone  Country Office,2.21339E+11,wcaro@unicef.org,"P.O. Box 29720, Yoff Dakar",2015,2018,http://www.unicef.org/about/execboard/files/2014-PL10-Sierra_Leone_CPD-Final_approved-EN.pdf,,2014,http://www.unicef.org/about/annualreport/files/Sierra_Leone_Annual_Report_2014.pdf
3920,Somalia,ESARO,http://www.unicef.org/somalia/,The Representative,Somalia  Country Office,2.54208E+11,somalia@unicef.org,"UNICEF Somalia Support Centre (USSC)
P.O. Box 44145 - 00100, Nairobi",2011,2015,http://www.unicef.org/about/execboard/files/Somalia_CPD_-_revised_11_February_2011.pdf,,2014,http://www.unicef.org/about/annualreport/files/Somalia_Annual_Report_2014.pdf
3930,South Africa,ESARO,http://www.unicef.org/southafrica/,The Representative,South Africa  Country Office,27123548201,pretoria@unicef.org,PO Box 4884 Pretoria 0001,2013,2017,http://www.unicef.org/about/execboard/files/2012-PL32_South_Africa_CPD-Revised-English.pdf,,2014,http://www.unicef.org/about/annualreport/files/South_Africa_Annual_Report_2014.pdf
4040,South Sudan,ESARO,http://www.unicef.org/southsudan/,The Representative,South Sudan  Country Office,2.11912E+11,juba@unicef.org,"Totto Chan Compound
P.O.Box 45, Juba",,,,,2014,http://www.unicef.org/about/annualreport/files/South_Sudan_(Republic_of)_Annual_Report_2014.pdf
780,Sri Lanka,ROSA,http://www.unicef.org/srilanka/,The Representative,Sri Lanka  Country Office,94112768555,colombo@unicef.org,PO Box 143 Colombo,2013,2017,http://www.unicef.org/about/execboard/files/2012-PL13_Sri_Lanka_CPD-Revised-English.pdf,,2014,http://www.unicef.org/about/annualreport/files/Sri_Lanka_Annual_Report_2014.pdf
4020,Sudan,MENA,http://www.unicef.org/sudan/,The Representative,Sudan  Country Office,2.49157E+11,khartoum@unicef.org,"Gerief west [Manshiya], block # First District H, Plots numbers 6/3",2013,2016,http://www.unicef.org/about/execboard/files/2012-PL34_Sudan_CPD-Revised-English.pdf,,2014,http://www.unicef.org/about/annualreport/files/Sudan_Annual_Report_2014.pdf
4030,Swaziland,ESARO,http://www.unicef.org/swaziland/,The Representative,Swaziland  Country Office,26824071000,mbabane@unicef.org,PO Box 1859 Mbabane H100,2011,2015,http://www.unicef.org/about/execboard/files/Swaziland_final_approved_CPD_9_Sept_2010.pdf,,2014,http://www.unicef.org/about/annualreport/files/Swaziland_Annual_Report_2014.pdf
4140,Syria,MENA,http://www.unicef.org/infobycountry/syria.html,The Representative,Syria  Country Office,9.63116E+11,damascus@unicef.org,P.O. Box 9413 Damascus,2007,2015,http://www.unicef.org/about/execboard/files/Syria_final_approved_CPD_19_Jan_2007.pdf,http://www.unicef.org/about/execboard/files/2014-18-Extensions_decision-SRS2014.pdf,,
4150,Tajikistan,CEE-CIS,http://www.unicef.org/tajikistan/,The Representative,Tajikistan  Country Office,9.92446E+11,dushanbe@unicef.org,37/1 Bokhtar Str. Dushanbe,2010,2015,http://www.unicef.org/about/execboard/files/Tajikistan_final_approved_CPD_15_Sept_2009.pdf,,2014,http://www.unicef.org/about/annualreport/files/Tajikistan_Annual_Report_2014.pdf
4550,United Rep. of Tanzania,ESARO,http://www.unicef.org/tanzania/,The Representative,United Rep. of Tanzania  Country Office,2.55242E+11,daressalaam@unicef.org,P.O. Box 4076 Dar es Salaam,2011,2015,http://www.unicef.org/about/execboard/files/Tanzania_final_approved_CPD_23_June_2011.pdf,,,
4200,Thailand,EAPRO,http://www.unicef.org/thailand/,The Representative,Thailand  Country Office,6623569499,bangkok@unicef.org,"19 Phra Athit Road Banglumpoo, Pranakorn
Bangkok 10200",2012,2016,http://www.unicef.org/about/execboard/files/Thailand_final_approved_2012-2016-English_10Feb2012_.pdf,,2014,http://www.unicef.org/about/annualreport/files/Thailand_Annual_Report_2014.pdf
4230,Togo,WCARO,http://www.unicef.org/wcaro/english/Countries_togo.html,The Representative,Togo  Country Office,22822231500,lome@unicef.org,P.O. Box 80927 Lomé,2014,2018,http://www.unicef.org/about/execboard/files/2013-PL8-Togo_CPD-Revised-English-5Aug2013.pdf,,2014,
4320,Tunisia,WCARO,http://www.unicef.org.tn/,The Representative,Tunisia  Country Office,21671802700,tunis@unicef.org,B.P. 35 CITE MAHRAJANE Tunis 2092,2015,2019,http://www.unicef.org/about/execboard/files/2014-PL8-Tunisia_CPD-Final_approved-EN.pdf,,2014,http://www.unicef.org/about/annualreport/files/Tunisia_Annual_Report_2014.pdf
4350,Turkey,CEE-CIS,http://www.unicef.org/turkey/,The Representative,Turkey  Country Office,9.03125E+11,ankara@unicef.org,P.K 17 Cankaya Ankara,2011,2015,http://www.unicef.org/about/execboard/files/Turkey_final_approved_CPD_9_Sept_2010.pdf,,2014,http://www.unicef.org/about/annualreport/files/Turkey_Annual_Report_2014.pdf
4360,Rep. of Turkmenistan,CEE-CIS,http://www.unicef.org/turkmenistan/,The Representative,Rep. of Turkmenistan  Country Office,99312425681,ashgabat@unicef.org,"40 Galkynysh Street Ashgabat, Turkmenistan 744000",2010,2015,http://www.unicef.org/about/execboard/files/Turkmenistan_final_approved_CPD_15_Sept_2009.pdf,,2014,http://www.unicef.org/about/annualreport/files/Turkmenistan_Annual_Report_2014.pdf
4380,Uganda,ESARO,http://www.unicef.org/uganda/,The Representative,Uganda  Country Office,2.56417E+11,kampala@unicef.org,Plot 9 George Street PO Box 7047 Kampala,2010,2015,http://www.unicef.org/about/execboard/files/Uganda__final_approved_CPD12_Jan_2010.pdf,http://www.unicef.org/about/execboard/files/2014-18-Extensions_decision-SRS2014.pdf,2014,http://www.unicef.org/about/annualreport/files/Uganda_Annual_Report_2014.pdf
4410,Ukraine,CEE-CIS,http://www.unicef.org/ukraine/,The Representative,Ukraine  Country Office,3.80445E+11,kiev@unicef.org,"United Nations Integrated Office
1, Klovskiy Uzviz 01021 Kiev",2012,2016,http://www.unicef.org/about/execboard/files/Ukraine_final_approved_2012-2016_20_Oct_2011.pdf,,2014,http://www.unicef.org/about/annualreport/files/Ukraine_Annual_Report_2014.pdf
4620,Uruguay,LACRO,http://www.unicef.org/uruguay/,The Representative,Uruguay  Country Office,59824030308,montevideo@unicef.org,"Br. Artigas 1659, piso 12
11200 Montevideo",2011,2015,http://www.unicef.org/about/execboard/files/Uruguay_final_approved_CPD11_Feb_2011_.pdf,,2014,http://www.unicef.org/about/annualreport/files/Uruguay_Annual_Report_2014.pdf
4630,Rep of Uzbekistan,CEE-CIS,http://www.unicef.org/uzbekistan/,The Representative,Rep of Uzbekistan  Country Office,9.98712E+11,tashkent@unicef.org,"2nd floor, Poytakht Business Centre
16 Sharof Rashidov Street, 
Tashkent 100029",2010,2015,http://www.unicef.org/about/execboard/files/Uzbekistan_final_approved_CPD_15_Sept_2009.pdf,,2014,http://www.unicef.org/about/annualreport/files/Uzbekistan_Annual_Report_2014.pdf
4710,Venezuela,LACRO,http://www.unicef.org/venezuela/,The Representative,Venezuela  Country Office,5.82123E+11,caracas@unicef.org,"Apartado Postal 69314
Altamira 1062 Caracas",2015,2019,http://www.unicef.org/about/execboard/files/2014-PL2-Venezuela_CPD-final_approved-EN.pdf,,2014,
5200,Vietnam,,http://www.unicef.org/vietnam/,The Representative,Vietnam  Country Office,84439425706,hanoi.registry@unicef.org,"No. 81 A Tran Quoc Toan,
Ha Noi, Viet Nam",2012,2016,http://www.unicef.org/about/execboard/files/Viet_Nam_final_approved_2012-2016-English_10Feb2012.pdf,,2014,http://www.unicef.org/about/annualreport/files/Vietnam_Annual_Report_2014.pdf
4920,Yemen,MENA,http://www.unicef.org/infobycountry/yemen.html,The Representative,Yemen  Country Office,9671211400,Sanaa@unicef.org,P.O. Box 725 Sana'a,2012,2015,http://www.unicef.org/about/execboard/files/Yemen_final_approved_2012-2015_English_10Feb2012.pdf,,2014,
4980,Zambia,ESARO,http://www.unicef.org/zambia/,The Representative,Zambia  Country Office,2.60211E+11,lusaka@unicef.org,P. O. Box 33610  Lusaka 10101,2011,2015,http://www.unicef.org/about/execboard/files/Zambia_final_approved_CPD_11_Feb2011.pdf,,2014,http://www.unicef.org/about/annualreport/files/Zambia_Annual_Report_2014.pdf
6260,Zimbabwe,ESARO,http://www.unicef.org/zimbabwe/,The Representative,Zimbabwe  Country Office,2634731840,harare@unicef.org,P.O. Box 1250 Harare,2012,2015,http://www.unicef.org/about/execboard/files/Zimbabwe_final_approved_2012-2015_20_Oct_2011.pdf,,2014,http://www.unicef.org/about/annualreport/files/Zimbabwe_Annual_Report_2014.pdf
1200,Denmark,HQ-Global,http://www.unicef.org/supply/,Director,UNICEF Supply Division Denmark,4545335500,supply@unicef.org,"Oceanvej 10-12 
2150 Nordhavn Copenhagen Denmark ",,,,,,
234R,"MENA, Jordan ",REGIONAL PROG,http://www.unicef.org/mena/,Regional Director,UNICEF Regional Office for the Middle East and North Africa,96265502400,menaro@unicef.org,P.O. Box 1551 Amman 11821 Jordan,,,,,,
240R,"ESARO, Kenya ",REGIONAL PROG,http://www.unicef.org/esaro/,Regional Director,UNICEF Regional Office for East and Southern Africa,2.54208E+11,esaro@unicef.org,"P.O. Box 44145, Nairobi 00100, Kenya",,,,,,
297R,"ROSA, Nepal ",REGIONAL PROG,http://www.unicef.org/rosa/,Regional Director,UNICEF Regional Office for South Asia,97714417082,rosa@unicef.org,"P.O. Box 5815 Lekhnath Marg
Kathmandu, Nepal",,,,,,
333R,"TACRO, Panama ",REGIONAL PROG,http://www.unicef.org/lac/,Regional Director,UNICEF Regional Office for Latin America and the Caribbean,5073017400,lacro@unicef.org,"P.O. Box 0843-03045
Panama, Republica de Panama",,,,,,
381R,"WCARO, Senegal ",REGIONAL PROG,http://www.unicef.org/wcaro/,Regional Director,UNICEF Regional Office for West and Central Africa,2.21339E+11,wcaro@unicef.org,"P.O. Box 29720, Yoff    Dakar, Senegal",,,,,,
420R,"EAPRO, Thailand ",REGIONAL PROG,http://www.unicef.org/eapro/,Regional Director,UNICEF Regional Office for East Asia and the Pacific,6623569499,asiapacificinfo@unicef.org,P.O. Box 2-154 Bangkok 10200  Thailand,,,,,,
456B,Executive Director's Office,HQ-Global,http://www.unicef.org/,Chief of Staff,Executive Director's Office,12123267000,transparency@unicef.org,"UNICEF House
3 United Nations Plaza
New York, New York 10017 USA",,,,,,
456C,Division of Policy & Practice,HQ-Global,http://www.unicef.org/,Director,UNICEF Division of Policy and Strategy,12123267000,transparency@unicef.org,"UNICEF House
3 United Nations Plaza
New York, New York 10017 USA",,,,,,
456D,Programme Division,HQ-Global,http://www.unicef.org/,Director,UNICEF Programme Division,12123267000,transparency@unicef.org,"UNICEF House
3 United Nations Plaza
New York, New York 10017
U.S.A.",,,,,,
456F,Office of Emergency Prog.,HQ-Global,http://www.unicef.org/emergencies/,Director,UNICEF Office of Emergency Programmes,12123267000,transparency@unicef.org,"UNICEF House
3 United Nations Plaza
New York, New York 10017 USA",,,,,,
456G,Division of Communication,HQ-Global,http://www.unicef.org/,Director,UNICEF Division of Communication,12123267000,transparency@unicef.org,"UNICEF House
3 United Nations Plaza
New York, New York 10017 USA",,,,,,
456H,Gov. & Multilateral  Affairs,HQ-Global,http://www.unicef.org/,Director,UNICEF Government & Multilateral  Affairs,12123267000,transparency@unicef.org,"UNICEF House
3 United Nations Plaza
New York, New York 10017 USA",,,,,,
456I,PARMO,HQ-Global,http://www.unicef.org/parmo/,Director,UNICEF Public Sector Alliances and Resource Mobilization,12123267000,transparency@unicef.org,"UNICEF House
3 United Nations Plaza
New York, New York 10017 USA",,,,,,
456J,Div. of Finance & Admin Mgmt,HQ-Global,http://www.unicef.org/,Director,UNICEF Div. of Finance & Admin Mgmt,12123267000,transparency@unicef.org,"UNICEF House
3 United Nations Plaza
New York, New York 10017 USA",,,,,,
456K,Division of Human Resources,HQ-Global,http://www.unicef.org/,Director,UNICEF Division of Human Resources,12123267000,transparency@unicef.org,"UNICEF House
3 United Nations Plaza
New York, New York 10017 USA",,,,,,
456L,InfoTech Solutions & Services,HQ-Global,http://www.unicef.org/,Director,UNICEF InfoTech Solutions & Services,12123267000,transparency@unicef.org,"UNICEF House
3 United Nations Plaza
New York, New York 10017 USA",,,,,,
456N,Office of Internal Audit,HQ-Global,http://www.unicef.org/auditandinvestigation/,Director,UNICEF Office of Internal Audit,12123267000,transparency@unicef.org,"UNICEF House
3 United Nations Plaza
New York, New York 10017 USA",,,,,,
456O,Evaluation Office,HQ-Global,http://www.unicef.org/,Director,UNICEF Evaluation Office,12123267000,transparency@unicef.org,"UNICEF House
3 United Nations Plaza
New York, New York 10017 USA",,,,,,
456Q,Change Management Office,HQ-Global,http://www.unicef.org/,Director,UNICEF Change Management Office,12123267000,transparency@unicef.org,"UNICEF House
3 United Nations Plaza
New York, New York 10017 USA",,,,,,
575R,CEE/CIS and Baltic States,REGIONAL PROG,http://www.unicef.org/ceecis/,Regional Director,"UNICEF Regional Office for Central, Eastern Europe and the Commonwealth of Independent States   ",41229095111,mediaceecis@unicef.org,"Palais des Nations
1211 Geneva 10 Switzerland",,,,,,
2220,"Office of Research, Italy ",HQ-Global,http://www.unicef-irc.org/irc/,Director,UNICEF Innocenti Research Centre,3905520330,florence@unicef.org,"Innocenti Research Centre
Piazza SS. Annunziata, 12 
50122 Florence, Italy ",,,,,,
5750,Switzerland,HQ-Global,http://www.unicef.org/about/structure/index_natcoms.html,Director,UNICEF Private Fundraising and Partnerships Division,41229095111,geneva@unicef.org,"Palais des Nations
1211 Geneva 10 Switzerland",,,,,,
